"day","OKU","HOS","HOSin","ICU","ICUin","DSM","VACC","VACC.rate"
1,NA,1,0,0,0,0,0,0
2,NA,1,0,0,0,0,0,0
3,NA,1,0,0,0,0,0,0
4,NA,1,0,0,0,0.02,0,0
5,NA,2,0,0,0,0.02,0,0
6,NA,2,0,0,0,0.03,0,0
7,3.74,2,1,0,0,0.05,0,0
8,5.13,3,1,0,0,0.06,0,0
9,6.73,3,1,0,0,0.07,0,0
10,8.53,4,1,1,0,0.1,0,0
11,10.69,5,1,1,0,0.12,0,0
12,13.36,6,1,1,0,0.13,0,0
13,16.67,7,2,1,0,0.17,0,0
14,20.77,8,2,1,0,0.2,0,0
15,25.87,9,2,1,0,0.24,0,0
16,29.84,10,2,1,0,0.3,0,0
17,31.76,12,2,2,0,0.36,0,0
18,33.6,13,2,2,0,0.44,0,0
19,35.28,14,2,2,0,0.5,0,0
20,36.53,15,2,2,0,0.59,0,0
21,37.09,16,3,2,0,0.66,0,0
22,36.74,17,3,3,0,0.76,0,0
23,37.52,19,3,3,0,0.84,0,0
24,40,20,3,3,0,0.94,0,0
25,42.31,21,3,3,0,1.02,0,0
26,44.47,23,3,3,0,1.11,0,0
27,46.62,24,3,4,0,1.21,0,0
28,48.81,25,3,4,0,1.3,0,0
29,51.03,26,3,4,0,1.41,0,0
30,53.31,27,3,4,0,1.51,0,0
31,55.82,27,3,4,0,1.62,0,0
32,53.12,28,3,4,0,1.72,0,0
33,50.02,28,3,5,0,1.82,0,0
34,46.49,28,2,5,0,1.92,0,0
35,42.46,28,2,5,0,2.01,0,0
36,37.89,28,2,5,0,2.08,0,0
37,32.73,28,2,5,0,2.14,0,0
38,27.12,27,2,5,0,2.19,0,0
39,26.25,27,2,5,0,2.22,0,0
40,25.26,26,2,5,0,2.23,0,0
41,24.16,26,2,4,0,2.24,0,0
42,23.04,25,2,4,0,2.12,0,0
43,21.91,25,2,4,0,2,0,0
44,20.82,24,1,4,0,1.89,0,0
45,19.76,24,1,4,0,1.76,0,0
46,18.74,23,1,4,0,1.64,0,0
47,17.76,22,1,4,0,1.55,0,0
48,16.84,22,1,4,0,1.46,0,0
49,15.96,21,1,4,0,1.36,0,0
50,15.12,20,1,4,0,1.27,0,0
51,14.33,20,1,4,0,1.19,0,0
52,13.57,19,1,3,0,1.14,0,0
53,12.86,18,1,3,0,1.05,0,0
54,12.18,18,1,3,0,0.99,0,0
55,11.54,17,1,3,0,0.93,0,0
56,10.93,16,1,3,0,0.86,0,0
57,10.36,16,1,3,0,0.82,0,0
58,9.81,15,1,3,0,0.77,0,0
59,9.3,14,1,3,0,0.73,0,0
60,8.81,14,1,3,0,0.67,0,0
61,8.34,13,1,3,0,0.63,0,0
62,7.9,13,1,2,0,0.61,0,0
63,7.49,12,0,2,0,0.56,0,0
64,7.09,12,0,2,0,0.52,0,0
65,6.72,11,0,2,0,0.49,0,0
66,6.23,11,0,2,0,0.47,0,0
67,5.53,10,0,2,0,0.43,0,0
68,4.85,9,0,2,0,0.41,0,0
69,4.21,9,0,2,0,0.38,0,0
70,3.58,8,0,2,0,0.36,0,0
71,2.98,8,0,2,0,0.34,0,0
72,2.4,8,0,2,0,0.33,0,0
73,1.99,7,0,1,0,0.29,0,0
74,1.81,7,0,1,0,0.28,0,0
75,1.65,6,0,1,0,0.26,0,0
76,1.49,6,0,1,0,0.25,0,0
77,1.35,6,0,1,0,0.23,0,0
78,1.22,5,0,1,0,0.22,0,0
79,1.1,5,0,1,0,0.19,0,0
80,0.98,5,0,1,0,0.21,0,0
81,0.89,4,0,1,0,0.17,0,0
82,0.8,4,0,1,0,0.16,0,0
83,0.72,4,0,1,0,0.15,0,0
84,0.64,3,0,1,0,0.15,0,0
85,0.58,3,0,1,0,0.14,0,0
86,0.52,3,0,1,0,0.12,0,0
87,0.47,3,0,1,0,0.12,0,0
88,0.42,3,0,1,0,0.11,0,0
89,0.38,2,0,1,0,0.11,0,0
90,0.34,2,0,1,0,0.09,0,0
91,0.3,2,0,1,0,0.09,0,0
92,0.27,2,0,0,0,0.08,0,0
93,0.24,2,0,0,0,0.08,0,0
94,0.22,2,0,0,0,0.07,0,0
95,0.2,2,0,0,0,0.07,0,0
96,0.18,1,0,0,0,0.06,0,0
97,0.16,1,0,0,0,0.08,0,0
98,0.14,1,0,0,0,0.05,0,0
99,0.13,1,0,0,0,0.06,0,0
100,0.11,1,0,0,0,0.04,0,0
101,0.13,1,0,0,0,0.04,0,0
102,0.19,1,0,0,0,0.05,0,0
103,0.26,1,0,0,0,0.05,0,0
104,0.34,1,0,0,0,0.03,0,0
105,0.44,1,0,0,0,0.04,0,0
106,0.54,1,0,0,0,0.03,0,0
107,0.67,1,0,0,0,0.04,0,0
108,0.8,1,0,0,0,0.01,0,0
109,0.91,1,0,0,0,0.03,0,0
110,1.04,1,0,0,0,0.03,0,0
111,1.19,1,0,0,0,0.04,0,0
112,1.38,1,0,0,0,0.02,0,0
113,1.6,1,0,0,0,0.03,0,0
114,1.85,1,0,0,0,0.02,0,0
115,2.14,1,0,0,0,0.02,0,0
116,2.47,1,0,0,0,0.03,0,0
117,2.86,2,0,0,0,0.02,0,0
118,3.32,2,0,0,0,0.03,0,0
119,3.84,2,0,0,0,0.02,0,0
120,4.45,2,0,0,0,0.03,0,0
121,5.15,2,0,0,0,0.03,0,0
122,5.96,3,1,0,0,0.03,0,0
123,6.9,3,1,0,0,0.05,0,0
124,7.99,4,1,1,0,0.03,0,0
125,9.24,4,1,1,0,0.04,0,0
126,10.7,5,1,1,0,0.05,0,0
127,12.39,6,1,1,0,0.05,0,0
128,14.34,6,1,1,0,0.06,0,0
129,16.6,7,1,1,0,0.08,0,0
130,19.22,7,1,1,0,0.08,0,0
131,21.08,8,1,1,0,0.07,0,0
132,21.17,8,1,1,0,0.11,0,0
133,21.06,9,1,1,0,0.13,0,0
134,20.67,9,1,1,0,0.12,0,0
135,19.91,9,1,1,0,0.15,0,0
136,18.68,10,1,2,0,0.15,0,0
137,16.91,10,1,2,0,0.16,0,0
138,15.66,10,1,2,0,0.17,0,0
139,15.92,10,1,2,0,0.21,0,0
140,16.05,11,1,2,0,0.18,0,0
141,16.11,11,1,2,0,0.21,0,0
142,16.11,11,1,2,0,0.22,0,0
143,16.09,11,1,2,0,0.2,0,0
144,16.05,11,1,2,0,0.24,0,0
145,16.01,11,1,2,0,0.24,0,0
146,15.95,12,1,2,0,0.23,0,0
147,15.9,12,1,2,0,0.25,0,0
148,15.84,12,1,2,0,0.25,0,0
149,15.78,12,1,2,0,0.26,0,0
150,15.72,12,1,2,0,0.26,0,0
151,15.66,12,1,2,0,0.25,0,0
152,15.6,12,1,2,0,0.27,0,0
153,15.54,12,1,2,0,0.27,0,0
154,15.49,12,1,2,0,0.27,0,0
155,15.43,12,1,2,0,0.28,0,0
156,15.37,12,1,2,0,0.28,0,0
157,15.31,12,1,2,0,0.27,0,0
158,15.25,12,1,2,0,0.28,0,0
159,15.19,12,1,2,0,0.29,0,0
160,15.13,12,1,2,0,0.27,0,0
161,15.11,12,1,2,0,0.29,0,0
162,15.12,12,1,2,0,0.29,0,0
163,15.13,12,1,2,0,0.29,0,0
164,15.15,12,1,2,0,0.27,0,0
165,15.18,12,1,2,0,0.29,0,0
166,15.22,12,1,2,0,0.3,0,0
167,15.26,12,1,2,0,0.29,0,0
168,15.28,12,1,2,0,0.28,0,0
169,15.27,12,1,2,0,0.29,0,0
170,15.26,12,1,2,0,0.29,0,0
171,15.25,12,1,2,0,0.31,0,0
172,15.25,12,1,2,0,0.28,0,0
173,15.25,12,1,2,0,0.28,0,0
174,15.25,12,1,2,0,0.3,0,0
175,15.24,12,1,2,0,0.3,0,0
176,15.24,12,1,2,0,0.29,0,0
177,15.24,12,1,2,0,0.29,0,0
178,15.24,12,1,2,0,0.29,0,0
179,15.24,12,1,2,0,0.3,0,0
180,15.24,12,1,2,0,0.3,0,0
181,15.23,13,1,2,0,0.29,0,0
182,15.23,13,1,2,0,0.3,0,0
183,15.23,13,1,2,0,0.28,0,0
184,16.17,13,1,2,0,0.3,0,0
185,17.58,14,2,2,0,0.29,0,0
186,19.25,14,2,2,0,0.3,0,0
187,21.18,15,2,2,0,0.3,0,0
188,23.39,15,2,3,0,0.31,0,0
189,25.9,16,2,3,0,0.31,0,0
190,28.75,17,2,3,0,0.31,0,0
191,31.03,18,2,3,0,0.32,0,0
192,33.25,19,3,3,0,0.33,0,0
193,35.62,20,3,3,0,0.35,0,0
194,38.2,21,3,3,0,0.34,0,0
195,41.01,23,3,4,0,0.37,0,0
196,44.05,24,3,4,0,0.38,0,0
197,47.33,26,4,4,0,0.42,0,0
198,50.86,27,4,4,1,0.42,0,0
199,54.66,29,4,4,1,0.45,0,0
200,58.75,31,5,5,1,0.48,0,0
201,63.15,33,5,5,1,0.5,0,0
202,67.88,36,5,5,1,0.52,0,0
203,72.96,38,6,6,1,0.58,0,0
204,78.42,41,6,6,1,0.59,0,0
205,84.28,44,7,7,1,0.65,0,0
206,90.59,47,7,7,1,0.69,0,0
207,97.36,51,8,8,1,0.72,0,0
208,104.63,55,8,8,1,0.78,0,0
209,113.2,59,9,9,1,0.84,0,0
210,123.29,64,10,10,1,0.89,0,0
211,134.56,70,11,10,1,0.95,0,0
212,146.9,75,12,11,2,1.04,0,0
213,160.43,82,13,12,2,1.1,0,0
214,175.34,89,14,13,2,1.19,0,0
215,191.81,96,15,14,2,1.28,0,0
216,209.22,104,17,16,2,1.42,0,0
217,227.57,113,18,17,2,1.65,0,0
218,247.4,123,20,18,3,1.96,0,0
219,269.07,134,21,20,3,2.31,0,0
220,292.74,145,23,22,3,2.65,0,0
221,318.49,158,25,23,3,3.02,0,0
222,346.49,172,27,25,4,3.41,0,0
223,376.9,187,30,28,4,3.84,0,0
224,409.94,203,33,30,4,4.26,0,0
225,445.83,221,35,33,5,4.73,0,0
226,484.8,240,38,35,5,5.23,0,0
227,527.1,261,42,39,6,5.8,0,0
228,572.98,284,45,42,6,6.36,0,0
229,622.76,308,49,46,7,7,0,0
230,676.74,335,54,50,7,7.68,0,0
231,735.27,364,58,54,8,8.41,0,0
232,798.68,395,63,58,9,9.21,0,0
233,867.36,429,68,64,9,10.07,0,0
234,941.72,466,74,69,10,10.99,0,0
235,1022.18,506,80,75,11,12,0,0
236,1109.19,549,87,81,12,13.09,0,0
237,1203.23,592,91,88,13,14.27,0,0
238,1304.77,635,94,95,14,15.55,0,0
239,1414.36,676,95,102,14,16.92,0,0
240,1532.52,714,96,109,14,18.41,0,0
241,1659.92,750,97,115,14,20.03,0,0
242,1679.63,784,97,121,14,21.77,0,0
243,1674.47,815,98,127,15,23.64,0,0
244,1657.86,843,98,132,15,25.42,0,0
245,1626.25,870,98,137,15,27.19,0,0
246,1577.01,894,98,142,15,28.91,0,0
247,1507.66,916,98,146,15,30.52,0,0
248,1416.2,937,98,150,15,32.03,0,0
249,1418.19,955,98,154,15,33.46,0,0
250,1429.4,973,97,157,15,34.79,0,0
251,1435.08,988,97,160,15,36.03,0,0
252,1437.36,1002,97,163,15,37.22,0,0
253,1437.44,1015,97,166,14,38.27,0,0
254,1436.25,1027,97,169,14,39.3,0,0
255,1434.1,1038,97,171,14,40.22,0,0
256,1431.23,1047,96,173,14,41.09,0,0
257,1427.87,1056,96,175,14,41.88,0,0
258,1424.08,1063,96,177,14,42.62,0,0
259,1419.94,1070,96,178,14,43.31,0,0
260,1415.47,1076,95,180,14,43.94,0,0
261,1410.69,1081,95,181,14,44.52,0,0
262,1405.62,1086,95,182,14,45.05,0,0
263,1400.27,1090,95,184,14,45.54,0,0
264,1394.76,1093,94,185,14,45.97,0,0
265,1391.2,1096,94,185,14,46.38,0,0
266,1388.44,1098,94,186,14,46.73,0,0
267,1385.16,1100,94,187,14,47.07,0,0
268,1382,1102,93,187,14,47.36,0,0
269,1378.96,1103,93,188,14,47.63,0,0
270,1375.93,1104,93,188,14,47.87,0,0
271,1372.83,1104,92,189,14,48.1,0,0
272,1367.61,1104,92,189,14,48.28,0,0
273,1361.4,1104,92,189,14,48.45,0,0
274,1355.55,1103,91,189,14,48.6,0,0
275,1349.4,1102,91,190,14,48.73,0,0
276,1342.99,1102,91,190,14,48.76,0,0
277,1336.42,1102,92,190,14,48.21,0,0
278,1329.65,1102,92,190,14,47.06,0,0
279,1322.65,1102,92,190,14,45.78,0,0
280,1331.03,1103,93,190,14,44.66,0,0
281,1339.92,1104,93,190,14,43.59,0,0
282,1349.71,1105,93,191,14,42.57,0,0
283,1360.73,1107,94,191,14,41.66,0,0
284,1373.15,1109,94,191,14,40.78,0,0
285,1387.03,1111,94,192,14,40.01,0,0
286,1402.43,1112,95,192,14,39.26,0,0
287,1403.75,1114,95,192,14,38.61,0,0
288,1405.89,1116,94,193,14,37.99,0,0
289,1408.42,1117,94,193,14,37.4,0,0
290,1411.03,1118,94,193,14,36.89,0,0
291,1413.53,1118,93,194,14,36.39,0,0
292,1406.02,1118,93,194,14,35.87,0,0
293,1397.12,1117,93,194,14,35.58,0,0
294,1387.26,1116,92,194,14,35.18,0,0
295,1376.19,1115,92,194,14,34.85,0,0
296,1363.77,1114,91,194,14,34.5,0,0
297,1349.95,1112,92,193,14,34.17,0,0
298,1334.73,1112,92,193,14,33.87,0,0
299,1327.91,1112,93,193,14,33.57,0,0
300,1320.81,1113,94,193,14,33.27,0,0
301,1313.09,1115,95,193,14,32.99,0,0
302,1334.56,1118,96,194,14,32.24,0,0
303,1358.08,1122,97,194,14,31.24,0,0
304,1383.6,1127,98,195,15,30.26,0,0
305,1411.86,1132,100,196,15,29.33,0,0
306,1443.22,1139,101,197,15,28.48,0,0
307,1477.88,1145,102,197,15,27.71,0.03,0
308,1515.85,1152,103,199,15,26.99,0.72,0
309,1527.62,1159,103,200,15,26.34,1,0
310,1540.47,1166,104,201,15,25.78,1.03,0
311,1554.55,1172,104,202,15,25.23,1.72,0
312,1569.16,1178,104,203,15,24.75,2.03,0
313,1583.77,1183,103,204,15,24.31,2.75,0
314,1577.12,1187,103,205,15,23.93,2.8,0
315,1568,1182,94,205,15,23.57,2.8,0
316,1556.81,1176,92,204,14,23.25,2.8,0
317,1543.05,1171,92,203,13,22.94,3,0
318,1526.49,1165,92,202,13,22.67,4.58,0
319,1506.96,1159,91,201,13,22.41,18.82,1e-05
320,1484.55,1153,90,200,13,22.15,165.83,8e-05
321,1480.08,1146,89,199,13,21.86,182.23,9e-05
322,1474.8,1138,88,197,13,21.57,185.43,9e-05
323,1468.47,1130,86,196,13,21.37,342.39,0.00016
324,1444.93,1121,85,194,12,21.13,1981.98,0.00094
325,1419.67,1111,83,193,12,20.86,5766.41,0.00273
326,1392.94,1101,82,191,12,20.66,9241.07,0.00438
327,1364.14,1090,81,189,12,20.4,10232.67,0.00485
328,1334.04,1079,79,187,12,20.19,10715.49,0.00508
329,1302.22,1068,78,186,11,19.94,10843.3,0.00514
330,1268.24,1055,76,184,11,19.7,10852.75,0.00515
331,1249.12,1042,74,182,11,19.47,12598.79,0.00597
332,1229.05,1029,73,179,11,19.23,17437.62,0.00827
333,1207.78,1015,71,177,10,18.96,23209.81,0.01101
334,1177.48,1000,69,175,10,18.74,27245.47,0.01292
335,1146.51,985,68,172,10,18.51,27351.72,0.01297
336,1123.52,970,66,170,10,18.23,27358.38,0.01297
337,1100.27,955,65,167,10,17.98,27395.94,0.01299
338,1076.92,939,63,165,9,17.71,28489.28,0.01351
339,1053.56,923,62,162,9,17.44,33142.07,0.01571
340,1030.57,907,60,160,9,17.17,39963.86,0.01895
341,1016.76,891,59,157,9,16.9,45270.53,0.02147
342,1003.27,875,57,154,8,16.64,45841.04,0.02174
343,981.97,858,56,151,8,16.35,45841.25,0.02174
344,961.42,842,55,149,8,16.07,45850.01,0.02174
345,941.09,826,53,146,8,15.79,45883.74,0.02176
346,921.41,810,52,143,8,15.49,46621.87,0.02211
347,902.38,795,52,141,7,15.2,48484.26,0.02299
348,883.65,781,51,138,7,14.91,50284.31,0.02384
349,865.3,766,50,135,7,14.64,50477.94,0.02393
350,847.28,753,50,133,7,14.35,50493.98,0.02394
351,840.15,740,49,131,7,14.07,50506.79,0.02395
352,834.39,727,49,128,7,13.62,50584.17,0.02399
353,829.73,715,48,126,7,13.17,51220.1,0.02429
354,825.89,703,47,124,7,12.66,51986.24,0.02465
355,823.35,692,47,122,7,12.27,52594.42,0.02494
356,821.99,682,47,120,7,11.86,52611.15,0.02495
357,821.74,672,46,118,7,11.46,52613.41,0.02495
358,811.99,662,46,116,7,11.1,52617.36,0.02495
359,802.14,654,46,115,7,10.7,52628.59,0.02495
360,793.46,646,46,113,7,10.42,52816.03,0.02504
361,794.94,639,46,112,7,10.1,53012.06,0.02514
362,796.94,632,46,110,7,9.82,53540.68,0.02539
363,799.77,626,46,109,7,9.53,53549.99,0.02539
364,803.55,620,46,108,7,9.29,53550.13,0.02539
365,808.34,614,46,107,7,9.04,53551.68,0.02539
366,814.31,609,46,106,6,8.78,53561.71,0.0254
367,820.56,605,46,105,6,8.62,54462.38,0.02582
368,818.06,601,46,104,7,8.4,59108.7,0.02803
369,815.85,598,47,103,7,8.21,64863.32,0.03076
370,813.85,595,47,102,7,8.06,65461.1,0.03104
371,821.84,592,47,101,7,7.96,65470.76,0.03104
372,830.49,590,47,101,7,7.94,65869.91,0.03123
373,839.89,588,47,100,7,7.93,66367.56,0.03147
374,850.03,586,47,100,7,7.91,71321.44,0.03382
375,860.94,585,47,99,7,7.9,79220.02,0.03756
376,872.81,583,47,98,7,7.89,84379.38,0.04001
377,885.75,582,47,101,10,7.87,86629.11,0.04108
378,889.65,581,48,104,10,7.86,86631.02,0.04108
379,893.95,581,48,107,10,7.87,86924.06,0.04122
380,898.46,580,48,109,10,7.83,87701.51,0.04158
381,907.5,579,48,111,10,7.82,93391.2,0.04428
382,916.63,579,48,113,10,7.89,101785.88,0.04826
383,925.98,579,48,115,10,7.99,106298.15,0.0504
384,935.57,579,48,116,10,8.1,106475.16,0.05049
385,945.67,596,66,118,10,8.19,106476.5,0.05049
386,956.12,612,66,120,11,8.29,106483.28,0.05049
387,966.95,626,66,123,11,8.36,106797.97,0.05064
388,973.94,639,66,125,11,8.45,109410.73,0.05188
389,981.31,652,66,127,11,8.49,111962.44,0.05309
390,988.68,663,66,129,11,8.55,114305.19,0.0542
391,991.21,674,66,130,11,8.61,114810.66,0.05444
392,993.29,683,66,132,11,8.61,114814.76,0.05444
393,994.92,692,66,133,11,8.45,114823.32,0.05445
394,995.76,700,66,134,11,8.38,115146.25,0.0546
395,995.69,708,66,136,11,8.24,116471.81,0.05523
396,994.91,715,66,141,15,8.13,119146.02,0.05649
397,993.54,721,66,146,15,8.03,121261.96,0.0575
398,996.19,727,66,150,15,7.95,121285.15,0.05751
399,998.38,732,66,155,15,7.85,121287.82,0.05751
400,1000.06,737,66,159,15,7.74,121301.19,0.05752
401,1001.53,741,66,162,15,7.68,121667.29,0.05769
402,1002.79,745,66,165,15,7.61,121690.65,0.0577
403,1003.9,748,65,169,15,7.56,122346.77,0.05801
404,1004.91,750,65,171,15,7.5,124040.3,0.05882
405,1005.71,752,64,174,15,7.44,124170.72,0.05888
406,1000.01,754,64,176,15,7.39,124195.99,0.05889
407,993.37,754,63,178,15,7.31,124403.29,0.05899
408,986.24,754,63,180,14,7.28,125193.38,0.05936
409,978.21,753,62,181,14,7.24,129040.79,0.06119
410,968.93,751,61,182,14,7.21,139062.27,0.06594
411,958.33,749,60,183,14,7.13,144783.02,0.06865
412,946.6,746,59,184,14,7.09,148419.68,0.07038
413,940.11,742,58,184,14,7.06,148427,0.07038
414,933.41,738,57,185,13,6.98,148791.12,0.07055
415,926.01,733,57,184,13,6.92,150258.87,0.07125
416,918.05,728,56,184,13,6.86,159372.68,0.07557
417,909.56,723,55,184,13,6.8,171241.04,0.0812
418,900.73,717,55,183,13,6.73,178038.79,0.08442
419,891.71,712,54,183,12,6.66,178502.38,0.08464
420,882.55,706,54,182,12,6.58,178522.28,0.08465
421,882.32,700,53,181,12,6.5,178531.45,0.08465
422,883.29,694,52,180,12,6.43,178539.55,0.08466
423,884.89,688,51,179,12,6.34,183342.11,0.08693
424,887.22,682,51,178,12,6.26,196667.13,0.09325
425,889.98,675,50,177,12,6.18,211488.52,0.10028
426,893.09,668,49,176,11,6.11,217834.91,0.10329
427,896.74,659,47,175,11,6.03,219987.11,0.10431
428,891.88,650,45,173,11,5.95,222919.5,0.1057
429,886.25,640,43,171,10,5.88,225721.21,0.10703
430,880.43,628,42,169,10,5.76,233662.92,0.11079
431,845.97,616,40,166,9,5.68,245907.42,0.1166
432,810.84,604,38,163,9,5.53,254498.22,0.12067
433,774.02,590,36,160,9,5.39,259767.6,0.12317
434,735.53,576,35,157,8,5.26,259904.16,0.12324
435,694.96,562,33,154,8,5.1,261280.34,0.12389
436,652.22,548,32,151,8,4.98,263406.96,0.1249
437,607.51,533,30,147,7,4.84,269254.84,0.12767
438,589.39,518,29,144,7,4.71,278992.19,0.13229
439,570.16,504,28,140,7,4.55,287677.95,0.13641
440,550.59,489,27,137,6,4.41,292005.55,0.13846
441,530.89,474,25,133,6,4.28,294949.45,0.13985
442,511.24,459,24,129,5,4.14,300055.32,0.14228
443,491.59,445,23,125,5,4.02,303691.61,0.144
444,472.62,430,22,121,5,3.88,311712.52,0.1478
445,454.15,416,21,117,5,3.75,318784.94,0.15116
446,436.26,402,20,114,5,3.63,331581.11,0.15722
447,419,388,19,110,4,3.49,339114.58,0.1608
448,402.04,375,18,106,4,3.38,340972.75,0.16168
449,385.62,361,17,103,4,3.26,346302.14,0.1642
450,369.74,348,16,99,4,3.11,353297.96,0.16752
451,354.15,335,16,96,4,3.03,368400.92,0.17468
452,338.86,323,15,93,3,2.91,388882.97,0.18439
453,323.82,310,14,89,3,2.8,403038.19,0.19111
454,309.34,298,13,86,3,2.7,409911.64,0.19437
455,295.34,286,13,83,3,2.57,409915.06,0.19437
456,281.66,275,12,80,3,2.49,413987.58,0.1963
457,268.74,264,11,77,3,2.38,425825.49,0.20191
458,256.04,253,11,74,2,2.3,440346.39,0.2088
459,243.86,242,10,71,2,2.2,460250.8,0.21823
460,232.16,232,9,68,2,2.13,481207.92,0.22817
461,220.66,222,9,65,2,2.04,488096.41,0.23144
462,209.66,212,8,63,2,1.94,490817.41,0.23273
463,199.16,203,8,60,2,1.87,495242.53,0.23483
464,188.92,194,7,58,2,1.79,503044.07,0.23853
465,179.03,185,7,55,2,1.71,517098.24,0.24519
466,169.59,177,7,53,2,1.63,534805.96,0.25359
467,160.73,169,6,51,1,1.59,552166.77,0.26182
468,152.41,161,6,48,1,1.49,558831.04,0.26498
469,144.3,154,6,46,1,1.44,559537.13,0.26531
470,136.43,146,5,44,1,1.37,563462.05,0.26717
471,128.97,139,5,42,1,1.33,568409.51,0.26952
472,122.04,133,5,40,1,1.25,579012.8,0.27455
473,115.36,126,4,39,1,1.2,593186.25,0.28127
474,109.09,120,4,37,1,1.15,603139.72,0.28599
475,103.18,115,4,35,1,1.1,604491.73,0.28663
476,97.47,109,4,34,1,1.04,605899.58,0.2873
477,92.19,104,3,32,1,0.99,610015.83,0.28925
478,87.09,98,3,30,1,0.95,617803.45,0.29294
479,82.12,94,3,29,1,0.9,633604.11,0.30043
480,77.48,89,3,28,1,0.86,655219.54,0.31068
481,72.98,84,3,26,1,0.82,655278.77,0.31071
482,68.71,80,3,25,1,0.8,659010.35,0.31248
483,64.82,76,2,24,1,0.74,659027.38,0.31249
484,61.03,72,2,23,1,0.73,664194.04,0.31494
485,57.43,68,2,22,0,0.68,674490.47,0.31982
486,54.09,65,2,21,0,0.66,685778.13,0.32517
487,50.97,62,2,20,0,0.62,702595.39,0.33315
488,48.02,58,2,19,0,0.59,713869.9,0.33849
489,45.21,56,2,18,0,0.55,715064.47,0.33906
490,42.46,53,2,17,0,0.52,715084.54,0.33907
491,39.88,51,2,16,0,0.52,720598.74,0.34168
492,41.87,48,2,15,0,0.48,727286.18,0.34485
493,43.97,46,2,15,0,0.46,736445.79,0.3492
494,46.34,45,2,14,0,0.44,747762,0.35456
495,49.04,43,2,14,0,0.41,755913.76,0.35843
496,52.1,42,2,13,0,0.4,756534.28,0.35872
497,55.55,40,2,13,0,0.37,756674.12,0.35879
498,59.35,39,2,12,0,0.35,760727.61,0.36071
499,59.11,38,2,12,0,0.34,765065.3,0.36277
500,59.23,37,2,11,0,0.34,771553.75,0.36584
501,59.57,36,2,11,0,0.35,780459.02,0.37007
502,60.04,35,2,11,1,0.31,786390.66,0.37288
503,60.57,34,2,11,0,0.32,787467.55,0.37339
504,61.13,34,2,10,0,0.32,787481.03,0.37339
505,61.71,33,2,10,1,0.31,790466.82,0.37481
506,62.28,33,2,10,1,0.32,793819.84,0.3764
507,62.88,33,2,10,1,0.33,799305.51,0.379
508,63.48,32,3,10,1,0.3,805593.66,0.38198
509,64.09,32,3,10,1,0.32,810832.19,0.38447
510,67.1,32,3,9,1,0.32,811580.03,0.38482
511,70.28,33,3,9,1,0.33,811596.97,0.38483
512,73.76,33,3,9,1,0.31,814201.63,0.38606
513,77.58,33,3,9,1,0.33,817083.63,0.38743
514,81.79,34,3,9,1,0.35,822187.77,0.38985
515,86.41,34,3,10,1,0.31,828399.37,0.3928
516,91.47,35,4,10,1,0.34,833652.23,0.39529
517,96.11,36,4,10,1,0.34,834873.36,0.39587
518,101.26,37,4,10,1,0.36,834907.63,0.39588
519,106.87,38,4,10,1,0.36,837867.33,0.39729
520,112.98,39,4,10,1,0.36,840586.17,0.39858
521,119.59,41,5,11,1,0.37,845562.19,0.40093
522,126.73,42,5,11,1,0.39,851818.07,0.4039
523,134.41,44,5,11,1,0.4,857189.02,0.40645
524,141.17,45,5,12,1,0.41,857668.94,0.40668
525,148.39,47,6,12,1,0.43,857830.22,0.40675
526,156.05,49,6,13,1,0.44,860134.85,0.40784
527,164.13,52,6,13,1,0.46,862978.73,0.40919
528,172.61,54,7,14,2,0.48,867174.02,0.41118
529,181.5,57,7,14,2,0.5,873396.17,0.41413
530,190.8,60,8,15,2,0.51,878742.86,0.41667
531,203.58,63,8,15,2,0.53,879189.9,0.41688
532,217.23,66,9,16,2,0.57,879232.44,0.4169
533,231.9,70,9,17,2,0.58,882425.79,0.41841
534,247.71,74,10,18,2,0.63,886173.17,0.42019
535,265.26,78,10,19,2,0.66,890588.5,0.42228
536,283.74,82,11,20,2,0.7,896284.89,0.42499
537,303.75,86,12,21,2,0.71,900916.01,0.42718
538,319.51,91,12,22,3,0.75,901473.33,0.42745
539,336.49,96,13,23,3,0.8,901478.18,0.42745
540,354.55,102,14,24,3,0.85,904140.83,0.42871
541,372.83,107,14,26,3,0.9,907778.48,0.43044
542,391.22,113,15,27,3,0.94,911721.77,0.43231
543,410.57,119,16,29,3,1,916989.11,0.4348
544,430.42,125,17,30,4,1.03,921238.52,0.43682
545,453.53,133,19,32,4,1.11,921809.48,0.43709
546,477.32,142,20,34,4,1.17,921845.57,0.43711
547,501.91,151,21,36,5,1.22,924201.41,0.43822
548,532.21,160,22,39,5,1.31,926828.43,0.43947
549,564.24,169,23,41,5,1.37,929800.48,0.44088
550,598.27,180,25,44,6,1.46,934629.47,0.44317
551,634.5,190,26,46,6,1.53,938258.15,0.44489
552,673.08,202,28,49,6,1.61,938563.35,0.44503
553,714.58,213,29,52,7,1.73,938568.6,0.44504
554,758.94,226,31,55,7,1.8,940963.76,0.44617
555,801.48,239,32,58,7,1.91,944397.03,0.4478
556,846.81,252,34,62,8,2.04,948553.35,0.44977
557,893.82,267,36,66,8,2.14,953947.54,0.45233
558,943.25,282,38,69,9,2.28,958515.42,0.45449
559,994.55,297,40,73,9,2.37,959280.96,0.45486
560,1048.32,314,42,77,10,2.57,959334.56,0.45488
561,1103.66,330,44,82,10,2.67,962900.65,0.45657
562,1161.39,347,44,86,10,2.82,968478.78,0.45922
563,1221.03,362,44,90,11,3,974762.96,0.4622
564,1281.96,375,44,94,11,3.16,983941.69,0.46655
565,1343.68,387,44,98,11,3.32,991069.66,0.46993
566,1407.37,397,43,101,10,3.52,993366.09,0.47102
567,1375.01,406,42,104,10,3.69,994118.29,0.47137
568,1336.6,413,41,107,10,3.91,996700.61,0.4726
569,1289.27,419,40,109,10,4.09,999311.7,0.47384
570,1231,423,40,111,10,4.24,1002270.24,0.47524
571,1162.03,427,39,112,10,4.39,1007888.99,0.4779
572,1080.94,431,39,113,9,4.52,1013391.56,0.48051
573,987.33,434,39,115,9,4.66,1014377.39,0.48098
574,977.61,436,39,116,9,4.75,1014837.66,0.4812
575,985.12,438,38,117,9,4.84,1017660.42,0.48254
576,989.91,439,38,117,9,4.89,1021589.48,0.4844
577,993.75,440,38,118,9,4.98,1024937.66,0.48599
578,998.29,441,37,118,9,5.02,1029780.79,0.48828
579,1004.14,441,37,119,9,5.11,1033850.52,0.49021
580,1011.45,441,37,119,9,5.1,1034376.91,0.49046
581,1020.48,441,36,119,9,5.15,1034400.53,0.49048
582,1008.44,440,36,120,9,5.19,1038044.05,0.4922
583,997.18,439,36,120,9,5.21,1043912.12,0.49499
584,986.34,438,35,119,8,5.23,1050276.04,0.498
585,975.1,436,35,119,8,5.24,1060310.26,0.50276
586,963.6,434,34,119,8,5.3,1068496.08,0.50664
587,970.07,432,34,119,8,5.25,1069915.52,0.50731
588,977.21,430,34,118,8,5.28,1070151.78,0.50743
589,985.69,428,34,118,8,5.27,1074641.89,0.50956
590,996.21,427,34,117,8,5.29,1079076.5,0.51166
591,1009.06,427,35,117,8,5.26,1082996.28,0.51352
592,1024.44,428,37,117,8,5.24,1088719.22,0.51623
593,1042.4,431,39,118,9,5.25,1092571.32,0.51806
594,1044.41,436,41,118,9,5.22,1092851.6,0.51819
595,1124.5,442,43,119,10,5.2,1092882.78,0.51821
596,1212.04,447,41,121,10,5.18,1094774.37,0.5191
597,1309.44,453,43,122,10,5.18,1096898.48,0.52011
598,1419.41,460,46,124,10,5.21,1099044.91,0.52113
599,1542.73,470,49,126,11,5.2,1102405.17,0.52272
600,1680.72,482,52,128,11,5.27,1104577.37,0.52375
601,1834.19,496,55,131,12,5.34,1104779.96,0.52385
602,1927.39,512,58,134,13,5.47,1104792.19,0.52385
603,2030.98,530,61,138,14,5.77,1105842.3,0.52435
604,2142.75,549,65,143,14,5.99,1107375.73,0.52508
605,2260.57,571,68,148,15,6.33,1108538.3,0.52563
606,2383.25,594,72,153,16,6.64,1110635.12,0.52662
607,2509.99,619,75,156,14,6.98,1111806.57,0.52718
608,2640.21,643,77,160,15,7.32,1111955.71,0.52725
609,2773.21,668,80,163,15,7.72,1111967,0.52725
610,2908.59,693,82,167,16,8.15,1111973.66,0.52726
611,3045.64,718,84,172,16,8.58,1113368.61,0.52792
612,3096.81,743,86,176,17,8.97,1114525.64,0.52847
613,3141.25,767,87,180,17,9.32,1116208.72,0.52927
614,3175.02,791,89,184,17,9.71,1117512.29,0.52988
615,3195.66,815,90,188,18,10.08,1117793.14,0.53002
616,3201.52,838,92,193,18,10.45,1117934.29,0.53008
617,3191.22,860,93,200,22,10.84,1118824.49,0.53051
618,3164,881,93,208,22,11.21,1119793.92,0.53097
619,3205.66,900,94,215,22,11.59,1121015.6,0.53154
620,3236.59,918,94,221,22,11.94,1122719.9,0.53235
621,3259.19,935,94,227,22,12.34,1124288.11,0.5331
622,3237.27,950,94,233,22,12.84,1124627.46,0.53326
623,3208.19,963,93,238,22,13.52,1124693.94,0.53329
624,3171.45,975,93,243,22,14.08,1125583.11,0.53371
625,3126.76,986,92,247,22,14.72,1126678.53,0.53423
626,3074.41,995,92,251,22,15.26,1128052.47,0.53488
627,3014.43,1003,91,255,22,15.74,1129988.52,0.5358
628,2947.24,1008,89,258,21,16.22,1131623.24,0.53657
629,2910.87,1012,88,260,21,16.66,1132034.94,0.53677
630,2868.99,1013,86,262,21,17.08,1132153.95,0.53683
631,2823.28,1013,84,264,20,17.45,1132630.93,0.53705
632,2742.45,1011,82,265,20,17.7,1133946.29,0.53768
633,2658.76,1007,80,265,19,17.91,1135335.17,0.53833
634,2572.19,1002,78,265,19,18.09,1137452.35,0.53934
635,2482.55,995,76,265,18,18.23,1139451.07,0.54029
636,2390.27,983,70,264,18,18.35,1140033.14,0.54056
637,2295.4,970,69,265,20,18.4,1140125.97,0.54061
638,2198.58,956,67,265,19,18.41,1141709.96,0.54136
639,2132.01,942,65,265,19,18.44,1143422.52,0.54217
640,2063.83,927,63,265,18,18.41,1145360.7,0.54309
641,1995.66,912,61,263,18,18.32,1148169.85,0.54442
642,1927.92,896,59,262,17,18.08,1150815.06,0.54567
643,1860.9,879,57,260,17,17.65,1151321.27,0.54591
644,1795.32,862,56,258,16,17.23,1151477.15,0.54599
645,1730.65,845,54,255,16,16.82,1153355.8,0.54688
646,1667.36,828,52,252,15,16.38,1155340.99,0.54782
647,1605.89,810,50,249,15,16.01,1157626.86,0.5489
648,1545.69,792,49,246,14,15.61,1160465.21,0.55025
649,1487.21,774,47,242,14,15.22,1163270.69,0.55158
650,1430.33,756,46,238,13,14.85,1163780.48,0.55182
651,1375.06,738,44,234,13,14.47,1163868.4,0.55186
652,1321.5,719,43,230,12,14.07,1165173.84,0.55248
653,1269.77,701,41,226,12,13.75,1166534.83,0.55313
654,1219.88,683,40,221,12,13.37,1168216.2,0.55393
655,1171.87,665,38,217,11,13.03,1170095.43,0.55482
656,1125.8,654,44,212,11,12.67,1171867.42,0.55566
657,1081.46,643,42,210,13,12.31,1172180.09,0.55581
658,1038.63,631,41,207,12,11.99,1172725.36,0.55606
659,997.25,618,40,205,12,11.67,1174341.2,0.55683
660,957.35,606,39,202,12,11.32,1176006.54,0.55762
661,919.11,594,38,202,15,11.03,1177701.71,0.55842
662,928.68,583,38,202,14,10.8,1179694.07,0.55937
663,939.94,572,38,202,14,10.74,1180276.27,0.55964
664,953.99,564,38,202,14,10.64,1180299.17,0.55965
665,971.29,556,39,202,15,10.51,1180335.55,0.55967
666,992.27,532,21,202,15,10.49,1181151.4,0.56006
667,1072.92,512,23,194,6,10.52,1182273.57,0.56059
668,1160.12,494,25,187,6,10.59,1183115.61,0.56099
669,1209.84,481,27,181,7,10.59,1183906.14,0.56137
670,1269.61,472,30,176,8,10.64,1184075.56,0.56145
671,1338.67,467,34,172,9,10.67,1184075.93,0.56145
672,1554.32,466,38,169,9,10.49,1184103.27,0.56146
673,1797.37,469,42,168,11,10.19,1184952.86,0.56186
674,2020.31,476,47,168,12,9.89,1185811.4,0.56227
675,2282.93,487,52,169,13,9.7,1186957.66,0.56281
676,2588.53,484,37,171,14,9.55,1188274.07,0.56344
677,2940.3,484,40,168,9,9.46,1189509.33,0.56402
678,3342.12,488,45,165,9,9.45,1189695.51,0.56411
679,3660.26,496,49,164,10,9.53,1189746.97,0.56413
680,4017.09,508,53,164,11,9.66,1190702.81,0.56459
681,4407.39,500,34,164,12,9.87,1191841.9,0.56513
682,4856.24,495,37,161,8,9.94,1192983.99,0.56567
683,5334.68,494,40,158,9,9.97,1195150.96,0.5667
684,5841.25,496,43,156,9,10.02,1196933.51,0.56754
685,6373.35,502,47,155,10,10.14,1197735.89,0.56792
686,6927.52,521,62,155,11,10.36,1197774.62,0.56794
687,7498.67,543,67,153,9,10.45,1198183.82,0.56814
688,8080.15,567,71,151,9,10.48,1198856.53,0.56845
689,8634.87,594,74,150,10,10.6,1199552.15,0.56878
690,9180.04,621,78,150,10,10.74,1200402.57,0.56919
691,10221.31,649,81,150,11,10.98,1201037.04,0.56949
692,11245.91,678,84,151,11,11.2,1201155.43,0.56954
693,12239.08,707,87,152,12,11.34,1201209.17,0.56957
694,13186.16,735,88,153,12,11.6,1201550.49,0.56973
695,14073.38,763,90,154,12,11.84,1202059.4,0.56997
696,14888.27,789,91,156,12,12.17,1202741.09,0.5703
697,15620.02,813,91,157,13,12.52,1203496.91,0.57065
698,15743.4,836,92,158,13,12.84,1204347.22,0.57106
699,15755.31,889,124,160,13,13.2,1204454.99,0.57111
700,15657.56,937,125,165,17,13.62,1204498.95,0.57113
701,15454.3,980,123,171,17,14,1204864.71,0.5713
702,15152.75,1017,120,175,17,14.36,1205443.84,0.57158
703,14761.54,1047,117,179,17,14.74,1206232.49,0.57195
704,14294.25,1072,113,182,16,15.05,1207064.13,0.57235
705,13763.01,1091,109,185,16,15.51,1207850.71,0.57272
706,13180.49,1133,135,187,15,16.02,1207992.25,0.57279
707,12561.15,1167,130,192,19,16.49,1208021.54,0.5728
708,11917.1,1193,124,196,18,16.94,1208366.29,0.57296
709,11260.52,1211,118,199,17,17.25,1208386.58,0.57297
710,10766.11,1222,113,201,16,17.51,1209063.58,0.57329
711,10265.58,1227,107,202,16,17.76,1209859.1,0.57367
712,9767.04,1226,102,202,15,18,1210423.71,0.57394
713,9279.78,1221,96,202,14,18.32,1210484.72,0.57397
714,8806.18,1210,91,201,13,18.51,1210493.25,0.57397
715,8351.06,1196,86,199,13,18.65,1210700.4,0.57407
716,7916.79,1178,81,197,12,18.7,1211033.53,0.57423
717,7342.34,1158,77,194,11,18.7,1211404.33,0.5744
718,6804.3,1135,73,191,11,18.62,1211772.84,0.57458
719,6303.16,1110,69,187,10,18.51,1212122.92,0.57474
720,5672.47,1084,65,184,10,18.3,1212162.11,0.57476
721,5089.75,1057,62,184,13,18.08,1212166.21,0.57477
722,4555.29,1030,59,185,14,17.83,1212225.16,0.57479
723,4066.32,1002,57,186,14,17.49,1212331.61,0.57484
724,3619.82,973,54,186,13,17.19,1212500.81,0.57492
725,3212.74,946,52,185,13,16.83,1212692.9,0.57501
726,2842.27,918,50,184,12,16.57,1212881.68,0.5751
727,2668.49,890,48,183,12,16.45,1212899.66,0.57511
728,2510.61,863,46,181,11,16.36,1212905.06,0.57512
729,2364.68,837,44,179,11,16.18,1212931.88,0.57513
730,2319.06,811,43,177,11,16.02,1213004.26,0.57516
731,2279.38,786,41,174,10,15.8,1213107.75,0.57521
732,2245.22,762,40,172,10,15.6,1213240.78,0.57527
733,2216.14,738,39,169,10,15.32,1213377.67,0.57534
734,2191.7,715,38,166,9,15.09,1213438.63,0.57537
735,2171.46,693,36,164,9,14.8,1213437.43,0.57537
736,2155.1,671,35,161,9,14.53,1213490.98,0.57539
737,2053.19,650,34,158,8,14.24,1213626.64,0.57546
738,1959.07,630,33,155,8,13.97,1213755.34,0.57552
739,1872.14,611,32,152,8,13.68,1213879.89,0.57558
740,1791.85,592,31,149,8,13.39,1213966.3,0.57562
741,1717.68,574,31,146,8,13.09,1213993.2,0.57563
742,1649.11,557,30,143,7,12.82,1213992.91,0.57563
743,1585.72,540,29,140,7,12.51,1214018.19,0.57564
744,1527.17,524,28,137,7,12.23,1214088.83,0.57568
745,1473.09,509,28,135,7,11.99,1214178.42,0.57572
746,1423.13,494,27,132,7,11.67,1214257.41,0.57576
747,1377,480,27,129,7,11.44,1214331.66,0.57579
748,1334.42,467,26,127,7,11.15,1214364.67,0.57581
749,1295.02,454,26,124,6,10.89,1214958.76,0.57609
750,1258.5,442,25,121,6,10.66,1215552.86,0.57637
751,1224.69,431,25,119,6,10.4,1216146.95,0.57665
752,1193.43,419,24,117,6,10.16,1216741.05,0.57693
753,1164.53,409,24,114,6,9.95,1217335.16,0.57722
754,1137.87,399,24,112,6,9.7,1217929.25,0.5775
755,1113.23,390,23,110,6,9.48,1218523.35,0.57778
756,1090.64,381,23,108,6,9.27,1219117.46,0.57806
757,1070.03,372,23,106,6,9.07,1219711.56,0.57834
758,1051.3,364,23,104,6,8.89,1220305.66,0.57862
759,1034.31,357,23,102,6,8.69,1220899.76,0.57891
760,1019.04,350,22,101,6,8.51,1221493.86,0.57919
761,1005.35,343,22,99,5,8.31,1222087.96,0.57947
762,993.24,337,22,98,5,8.18,1222682.06,0.57975
763,982.6,331,22,96,5,7.99,1223276.16,0.58003
764,973.39,326,22,95,5,7.88,1223870.27,0.58031
765,965.55,321,22,93,5,7.71,1224464.35,0.5806
766,959.05,316,22,92,5,7.58,1225058.46,0.58088
767,953.84,312,22,91,5,7.43,1225652.57,0.58116
768,949.9,308,22,90,5,7.31,1226246.67,0.58144
769,947.21,305,22,89,5,7.21,1226840.77,0.58172
770,945.73,301,22,88,5,7.09,1227434.86,0.582
771,945.46,299,22,88,6,6.97,1228028.97,0.58229
772,946.38,296,22,87,6,6.9,1228623.07,0.58257
773,948.47,294,23,86,6,6.8,1229217.17,0.58285
774,951.75,293,23,86,6,6.72,1229811.27,0.58313
775,956.2,292,23,85,6,6.65,1230405.37,0.58341
776,961.83,291,23,85,6,6.58,1230999.46,0.5837
777,968.64,290,24,85,6,6.53,1231593.57,0.58398
778,976.64,290,24,84,6,6.47,1232187.68,0.58426
779,985.86,290,24,84,6,6.42,1232781.78,0.58454
780,996.3,290,25,84,6,6.38,1233375.87,0.58482
781,1007.98,291,25,84,6,6.35,1233969.97,0.5851
782,1020.93,292,26,85,6,6.28,1234564.08,0.58539
783,1035.17,294,26,85,6,6.31,1235158.18,0.58567
784,1050.75,296,26,85,6,6.27,1235752.27,0.58595
785,1067.68,298,27,86,7,6.26,1236346.37,0.58623
786,1086,301,28,86,7,6.27,1236940.48,0.58651
787,1105.76,304,28,87,7,6.28,1237534.57,0.58679
788,1127,307,29,88,7,6.32,1238128.68,0.58708
789,1149.76,311,30,89,7,6.31,1238722.78,0.58736
790,1174.1,315,30,90,7,6.34,1239316.88,0.58764
791,1200.06,320,31,91,8,6.38,1239910.98,0.58792
792,1227.7,325,32,92,8,6.4,1240505.08,0.5882
793,1257.09,331,33,93,8,6.47,1241099.19,0.58848
794,1288.28,337,34,95,8,6.56,1241693.28,0.58877
795,1321.33,343,35,96,8,6.6,1242287.38,0.58905
796,1356.31,350,36,98,9,6.67,1242881.48,0.58933
797,1393.3,357,37,100,9,6.76,1243475.59,0.58961
798,1432.35,365,38,102,9,6.84,1244069.69,0.58989
799,1473.55,374,39,104,9,6.99,1244663.78,0.59017
800,1516.96,383,41,106,10,7.06,1245257.89,0.59046
801,1562.67,393,42,109,10,7.18,1245851.99,0.59074
802,1610.74,403,43,111,10,7.33,1246446.09,0.59102
803,1661.25,414,45,114,11,7.46,1247040.19,0.5913
804,1714.28,425,46,117,11,7.61,1247634.29,0.59158
805,1769.9,437,48,120,12,7.78,1248228.39,0.59186
806,1828.17,450,50,124,12,7.95,1248822.49,0.59215
807,1889.17,464,52,127,12,8.13,1249416.59,0.59243
808,1952.97,478,53,131,13,8.34,1250010.7,0.59271
809,2019.61,493,55,135,13,8.52,1250604.79,0.59299
810,2089.14,509,57,139,14,8.78,1251198.89,0.59327
811,2161.62,525,60,143,14,9,1251793,0.59355
812,2237.08,542,62,147,15,9.24,1252387.1,0.59384
813,2315.53,560,64,152,15,9.51,1252981.19,0.59412
814,2397,579,66,157,16,9.79,1253575.29,0.5944
815,2481.46,599,69,162,17,10.08,1254169.4,0.59468
816,2568.91,620,71,168,17,10.39,1254763.5,0.59496
817,2659.31,641,74,173,18,10.73,1255357.6,0.59524
818,2752.58,664,77,179,18,11.05,1255951.69,0.59553
819,2848.67,687,80,185,19,11.43,1256545.8,0.59581
820,2947.44,711,82,192,20,11.78,1257139.9,0.59609
821,3048.78,736,85,199,21,12.18,1257734,0.59637
822,3152.52,762,88,205,21,12.59,1258328.11,0.59665
823,3258.47,789,91,213,22,13.02,1258922.2,0.59694
824,3366.4,816,94,220,23,13.46,1259516.3,0.59722
825,3476.06,845,98,228,24,13.94,1260110.4,0.5975
826,3587.16,874,101,235,24,14.41,1260704.51,0.59778
827,3699.37,904,104,244,25,14.91,1261298.61,0.59806
828,3812.34,934,107,252,26,15.44,1261892.7,0.59834
829,3925.66,966,110,260,27,15.99,1262486.8,0.59863
830,4038.92,998,114,269,28,16.52,1263080.91,0.59891
831,4151.65,1030,117,278,28,17.12,1263675.01,0.59919
832,4263.38,1063,120,287,29,17.69,1264269.11,0.59947
833,4373.59,1096,123,296,30,18.31,1264863.21,0.59975
834,4481.73,1130,126,306,31,18.95,1265457.31,0.60003
835,4587.28,1163,129,315,32,19.57,1266051.41,0.60032
836,4689.66,1197,132,325,32,20.23,1266645.51,0.6006
837,4788.3,1231,135,334,33,20.89,1267239.62,0.60088
838,4882.65,1265,138,344,34,21.57,1267833.71,0.60116
839,4972.14,1298,140,353,34,22.27,1268427.81,0.60144
840,5056.22,1331,143,363,35,22.97,1269021.91,0.60172
841,5134.39,1364,145,372,36,23.66,1269616.02,0.60201
842,5206.15,1396,147,382,36,24.39,1270210.11,0.60229
843,5271.05,1427,149,391,37,25.09,1270804.21,0.60257
844,5328.68,1457,151,400,37,25.8,1271398.32,0.60285
845,5378.69,1487,152,409,38,26.53,1271992.42,0.60313
846,5420.79,1515,153,417,38,27.24,1272586.52,0.60341
847,5454.73,1542,155,426,38,27.92,1273180.61,0.6037
848,5480.34,1568,155,434,39,28.63,1273774.69,0.60398
849,5497.79,1592,156,441,39,29.3,1273796.85,0.60399
850,5507.5,1615,157,449,39,29.98,1273796.85,0.60399
